,CarrierDel,CarrierID,Delays,DepState,LateAircraftDel,Month,NASDel,NumFlights,SecurityDel,WeatherDel,Year
0,116.0,,351.0,AK,199.0,1,252.0,2834,1.0,41.0,2013
1,177.0,,448.0,AL,308.0,1,250.0,2887,2.0,28.0,2013
2,205.0,,500.0,AR,318.0,1,341.0,2509,0.0,27.0,2013
3,1200.0,,2192.0,AZ,1010.0,1,1042.0,16769,34.0,18.0,2013
4,3769.0,,7741.0,CA,4476.0,1,4204.0,60664,37.0,189.0,2013
5,2715.0,,4941.0,CO,2523.0,1,2577.0,20583,19.0,190.0,2013
6,139.0,,222.0,CT,134.0,1,278.0,1753,2.0,23.0,2013
7,2835.0,,5870.0,FL,2899.0,1,2520.0,38378,20.0,96.0,2013
8,2355.0,,4525.0,GA,1736.0,1,2104.0,33662,8.0,252.0,2013
9,588.0,,897.0,HI,633.0,1,693.0,9109,4.0,18.0,2013
10,141.0,,386.0,IA,229.0,1,246.0,1983,1.0,48.0,2013
11,79.0,,230.0,ID,190.0,1,193.0,1498,1.0,22.0,2013
12,4061.0,,8186.0,IL,4284.0,1,4923.0,31824,3.0,1413.0,2013
13,233.0,,524.0,IN,337.0,1,402.0,3651,4.0,30.0,2013
14,52.0,,160.0,KS,107.0,1,93.0,1053,0.0,7.0,2013
15,346.0,,712.0,KY,399.0,1,497.0,5021,1.0,24.0,2013
16,356.0,,931.0,LA,621.0,1,448.0,5897,4.0,76.0,2013
17,686.0,,1023.0,MA,413.0,1,1309.0,8165,6.0,100.0,2013
18,783.0,,1221.0,MD,683.0,1,847.0,7819,1.0,35.0,2013
19,62.0,,97.0,ME,53.0,1,94.0,516,0.0,4.0,2013
20,1415.0,,2393.0,MI,1036.0,1,1964.0,15517,6.0,195.0,2013
21,1007.0,,1689.0,MN,687.0,1,1309.0,11901,4.0,92.0,2013
22,637.0,,1553.0,MO,920.0,1,806.0,9380,4.0,56.0,2013
23,74.0,,181.0,MS,125.0,1,93.0,1282,0.0,18.0,2013
24,44.0,,148.0,MT,107.0,1,137.0,1151,0.0,15.0,2013
25,1387.0,,2452.0,NC,1357.0,1,1927.0,17143,9.0,220.0,2013
26,129.0,,278.0,ND,166.0,1,212.0,1451,1.0,31.0,2013
27,107.0,,292.0,NE,175.0,1,182.0,1997,1.0,14.0,2013
28,56.0,,109.0,NH,64.0,1,142.0,793,4.0,6.0,2013
29,1618.0,,2412.0,NJ,1296.0,1,1955.0,9904,18.0,79.0,2013
30,144.0,,341.0,NM,202.0,1,110.0,2294,0.0,8.0,2013
31,878.0,,1905.0,NV,973.0,1,773.0,12504,25.0,38.0,2013
32,2121.0,,3582.0,NY,1797.0,1,2917.0,22933,23.0,269.0,2013
33,596.0,,1238.0,OH,723.0,1,973.0,7753,2.0,58.0,2013
34,176.0,,508.0,OK,378.0,1,305.0,3612,1.0,17.0,2013
35,231.0,,557.0,OR,313.0,1,393.0,4936,8.0,29.0,2013
36,914.0,,1414.0,PA,789.0,1,1519.0,10543,15.0,48.0,2013
37,201.0,,418.0,PR,205.0,1,150.0,2487,4.0,2.0,2013
38,69.0,,133.0,RI,89.0,1,158.0,1144,0.0,9.0,2013
39,141.0,,395.0,SC,247.0,1,226.0,2721,0.0,16.0,2013
40,43.0,,147.0,SD,104.0,1,76.0,853,0.0,13.0,2013
41,587.0,,1375.0,TN,782.0,1,858.0,9116,13.0,56.0,2013
42,6.0,,6.0,TT,0.0,1,3.0,40,0.0,0.0,2013
43,6124.0,,12333.0,TX,6422.0,1,5239.0,60999,8.0,766.0,2013
44,848.0,,1622.0,UT,1034.0,1,1561.0,9296,7.0,262.0,2013
45,1337.0,,2433.0,VA,1320.0,1,2272.0,15705,14.0,206.0,2013
46,18.0,,62.0,VI,30.0,1,18.0,456,1.0,2.0,2013
47,59.0,,92.0,VT,57.0,1,84.0,412,1.0,1.0,2013
48,520.0,,908.0,WA,381.0,1,845.0,8308,4.0,51.0,2013
49,340.0,,845.0,WI,517.0,1,559.0,5096,4.0,45.0,2013
50,31.0,,53.0,WV,32.0,1,31.0,284,0.0,2.0,2013
51,52.0,,169.0,WY,130.0,1,153.0,933,2.0,11.0,2013
52,73.0,,176.0,AK,84.0,2,98.0,2571,1.0,17.0,2013
53,196.0,,430.0,AL,297.0,2,284.0,2628,1.0,27.0,2013
54,175.0,,449.0,AR,316.0,2,270.0,2325,1.0,23.0,2013
55,980.0,,1828.0,AZ,857.0,2,825.0,15370,17.0,32.0,2013
56,3100.0,,7003.0,CA,3893.0,2,2948.0,55280,34.0,189.0,2013
57,2485.0,,4288.0,CO,2440.0,2,2756.0,19281,4.0,244.0,2013
58,116.0,,227.0,CT,113.0,2,212.0,1604,3.0,4.0,2013
59,3439.0,,6315.0,FL,3681.0,2,3514.0,36372,14.0,135.0,2013
60,2504.0,,4653.0,GA,1836.0,2,2167.0,30660,12.0,104.0,2013
61,550.0,,701.0,HI,482.0,2,419.0,8167,0.0,4.0,2013
62,153.0,,398.0,IA,262.0,2,240.0,1833,1.0,47.0,2013
63,45.0,,178.0,ID,118.0,2,81.0,1362,0.0,9.0,2013
64,3929.0,,8547.0,IL,4867.0,2,5226.0,29584,8.0,1982.0,2013
65,217.0,,524.0,IN,340.0,2,392.0,3351,3.0,32.0,2013
66,48.0,,152.0,KS,97.0,2,91.0,965,1.0,15.0,2013
67,384.0,,758.0,KY,421.0,2,564.0,4624,3.0,34.0,2013
68,370.0,,853.0,LA,590.0,2,452.0,5646,7.0,61.0,2013
69,865.0,,1257.0,MA,647.0,2,1213.0,7712,3.0,105.0,2013
70,691.0,,1175.0,MD,650.0,2,817.0,7301,1.0,13.0,2013
71,51.0,,93.0,ME,47.0,2,90.0,475,0.0,5.0,2013
72,1414.0,,2391.0,MI,1101.0,2,2288.0,13987,15.0,196.0,2013
73,920.0,,1643.0,MN,707.0,2,1483.0,10842,5.0,148.0,2013
74,539.0,,1313.0,MO,777.0,2,731.0,8565,6.0,91.0,2013
75,79.0,,187.0,MS,146.0,2,131.0,1171,0.0,17.0,2013
76,24.0,,91.0,MT,51.0,2,68.0,1070,0.0,7.0,2013
77,1353.0,,2285.0,NC,1331.0,2,1881.0,15679,18.0,131.0,2013
78,143.0,,267.0,ND,167.0,2,230.0,1351,3.0,22.0,2013
79,102.0,,304.0,NE,203.0,2,188.0,1826,0.0,9.0,2013
80,50.0,,105.0,NH,69.0,2,85.0,781,0.0,6.0,2013
81,1256.0,,2086.0,NJ,1058.0,2,1439.0,9161,7.0,37.0,2013
82,106.0,,295.0,NM,181.0,2,119.0,2153,1.0,18.0,2013
83,681.0,,1626.0,NV,822.0,2,602.0,11420,12.0,26.0,2013
84,2200.0,,3833.0,NY,1996.0,2,2851.0,21383,19.0,241.0,2013
85,634.0,,1307.0,OH,774.0,2,1101.0,7361,3.0,67.0,2013
86,195.0,,536.0,OK,379.0,2,312.0,3347,1.0,44.0,2013
87,180.0,,428.0,OR,226.0,2,255.0,4446,0.0,13.0,2013
88,862.0,,1449.0,PA,806.0,2,1434.0,9809,5.0,63.0,2013
89,223.0,,350.0,PR,211.0,2,263.0,2198,1.0,0.0,2013
90,88.0,,142.0,RI,94.0,2,140.0,1168,0.0,6.0,2013
91,185.0,,421.0,SC,290.0,2,297.0,2477,0.0,17.0,2013
92,60.0,,169.0,SD,123.0,2,123.0,830,1.0,14.0,2013
93,568.0,,1334.0,TN,771.0,2,759.0,8315,1.0,44.0,2013
94,7.0,,10.0,TT,1.0,2,3.0,36,0.0,0.0,2013
95,5373.0,,10419.0,TX,5616.0,2,4592.0,56275,14.0,608.0,2013
96,544.0,,1055.0,UT,554.0,2,833.0,8465,2.0,105.0,2013
97,1323.0,,2337.0,VA,1305.0,2,1995.0,14292,2.0,84.0,2013
98,26.0,,57.0,VI,36.0,2,32.0,433,0.0,2.0,2013
99,39.0,,81.0,VT,59.0,2,57.0,346,0.0,1.0,2013
100,312.0,,658.0,WA,249.0,2,469.0,7601,3.0,25.0,2013
101,416.0,,951.0,WI,654.0,2,842.0,4730,4.0,121.0,2013
102,21.0,,39.0,WV,21.0,2,30.0,255,0.0,3.0,2013
103,27.0,,111.0,WY,95.0,2,114.0,862,0.0,17.0,2013
104,162.0,,375.0,AK,264.0,3,337.0,2931,10.0,23.0,2013
105,180.0,,488.0,AL,308.0,3,258.0,3007,1.0,21.0,2013
106,178.0,,443.0,AR,292.0,3,231.0,2708,2.0,18.0,2013
107,1639.0,,2647.0,AZ,1441.0,3,1563.0,18440,40.0,44.0,2013
108,4623.0,,10245.0,CA,6059.0,3,4696.0,63538,27.0,284.0,2013
109,3074.0,,5345.0,CO,3157.0,3,2901.0,22478,14.0,296.0,2013
110,128.0,,294.0,CT,162.0,3,191.0,1880,2.0,10.0,2013
111,4371.0,,8536.0,FL,5294.0,3,5289.0,44061,40.0,260.0,2013
112,3542.0,,6744.0,GA,2646.0,3,2858.0,36217,10.0,310.0,2013
113,551.0,,1232.0,HI,836.0,3,600.0,9463,6.0,7.0,2013
114,139.0,,395.0,IA,220.0,3,311.0,2174,0.0,30.0,2013
115,42.0,,178.0,ID,129.0,3,78.0,1605,0.0,3.0,2013
116,4455.0,,8799.0,IL,4734.0,3,4999.0,34566,4.0,1295.0,2013
117,228.0,,670.0,IN,392.0,3,510.0,4192,1.0,33.0,2013
118,50.0,,195.0,KS,121.0,3,90.0,1071,0.0,15.0,2013
119,407.0,,975.0,KY,459.0,3,820.0,5980,0.0,45.0,2013
120,438.0,,1039.0,LA,673.0,3,497.0,6614,5.0,49.0,2013
121,1004.0,,1852.0,MA,891.0,3,1365.0,9189,7.0,292.0,2013
122,1044.0,,1757.0,MD,997.0,3,1145.0,8685,10.0,70.0,2013
123,55.0,,93.0,ME,48.0,3,88.0,558,0.0,5.0,2013
124,1075.0,,2603.0,MI,895.0,3,2025.0,16747,7.0,53.0,2013
125,1017.0,,2063.0,MN,838.0,3,1746.0,13336,2.0,73.0,2013
126,886.0,,1916.0,MO,1196.0,3,1068.0,10063,19.0,129.0,2013
127,82.0,,204.0,MS,153.0,3,131.0,1370,0.0,11.0,2013
128,29.0,,112.0,MT,73.0,3,57.0,1360,0.0,2.0,2013
129,1553.0,,2699.0,NC,1376.0,3,2176.0,18093,24.0,155.0,2013
130,164.0,,305.0,ND,186.0,3,308.0,1643,1.0,25.0,2013
131,150.0,,362.0,NE,236.0,3,217.0,2204,3.0,17.0,2013
132,58.0,,146.0,NH,69.0,3,98.0,873,0.0,12.0,2013
133,1628.0,,2894.0,NJ,1572.0,3,1498.0,10482,6.0,107.0,2013
134,170.0,,434.0,NM,298.0,3,158.0,2638,0.0,14.0,2013
135,1194.0,,2472.0,NV,1452.0,3,859.0,13451,23.0,48.0,2013
136,2442.0,,4679.0,NY,2409.0,3,3306.0,24937,21.0,385.0,2013
137,608.0,,1436.0,OH,815.0,3,1152.0,8561,2.0,24.0,2013
138,226.0,,619.0,OK,420.0,3,283.0,3851,2.0,10.0,2013
139,239.0,,618.0,OR,321.0,3,318.0,5290,0.0,14.0,2013
140,936.0,,1852.0,PA,1049.0,3,1418.0,11473,13.0,63.0,2013
141,308.0,,450.0,PR,281.0,3,446.0,2620,16.0,1.0,2013
142,88.0,,214.0,RI,135.0,3,173.0,1440,1.0,17.0,2013
143,213.0,,521.0,SC,324.0,3,331.0,3103,0.0,18.0,2013
144,46.0,,148.0,SD,96.0,3,90.0,951,0.0,15.0,2013
145,775.0,,1737.0,TN,1037.0,3,1055.0,9902,1.0,77.0,2013
146,7.0,,17.0,TT,3.0,3,3.0,39,0.0,0.0,2013
147,6294.0,,11602.0,TX,6247.0,3,5684.0,64890,12.0,495.0,2013
148,588.0,,1220.0,UT,565.0,3,560.0,10318,0.0,16.0,2013
149,1475.0,,2830.0,VA,1494.0,3,2028.0,16377,5.0,173.0,2013
150,36.0,,87.0,VI,53.0,3,61.0,495,0.0,6.0,2013
151,46.0,,101.0,VT,68.0,3,75.0,438,0.0,1.0,2013
152,498.0,,1136.0,WA,458.0,3,688.0,9141,39.0,26.0,2013
153,384.0,,992.0,WI,649.0,3,736.0,5644,1.0,36.0,2013
154,34.0,,73.0,WV,37.0,3,39.0,321,0.0,3.0,2013
155,43.0,,110.0,WY,83.0,3,83.0,904,1.0,7.0,2013
156,124.0,,315.0,AK,179.0,4,239.0,2825,5.0,21.0,2013
157,203.0,,535.0,AL,379.0,4,322.0,3022,0.0,43.0,2013
158,182.0,,525.0,AR,387.0,4,361.0,2764,1.0,33.0,2013
159,1622.0,,2832.0,AZ,1574.0,4,1510.0,17091,61.0,28.0,2013
160,4836.0,,11319.0,CA,6925.0,4,5757.0,62367,62.0,226.0,2013
161,2947.0,,5104.0,CO,3281.0,4,3692.0,20289,5.0,286.0,2013
162,119.0,,266.0,CT,176.0,4,248.0,1971,0.0,10.0,2013
163,3964.0,,8315.0,FL,4997.0,4,5025.0,40120,30.0,475.0,2013
164,3257.0,,6466.0,GA,2619.0,4,2754.0,35268,7.0,274.0,2013
165,549.0,,1061.0,HI,841.0,4,904.0,8993,2.0,8.0,2013
166,134.0,,403.0,IA,283.0,4,282.0,2094,0.0,26.0,2013
167,50.0,,177.0,ID,116.0,4,90.0,1452,2.0,3.0,2013
168,4392.0,,9752.0,IL,5905.0,4,5645.0,35248,7.0,1720.0,2013
169,242.0,,624.0,IN,392.0,4,413.0,3927,2.0,41.0,2013
170,96.0,,224.0,KS,155.0,4,167.0,1085,0.0,13.0,2013
171,473.0,,1111.0,KY,641.0,4,718.0,6026,1.0,55.0,2013
172,531.0,,1325.0,LA,889.0,4,682.0,6614,6.0,130.0,2013
173,1086.0,,1644.0,MA,806.0,4,1669.0,9317,18.0,42.0,2013
174,1134.0,,1787.0,MD,1119.0,4,1149.0,8656,3.0,58.0,2013
175,67.0,,95.0,ME,51.0,4,95.0,615,1.0,5.0,2013
176,1666.0,,2810.0,MI,1387.0,4,2086.0,16768,19.0,236.0,2013
177,1091.0,,2011.0,MN,1027.0,4,1764.0,12883,2.0,140.0,2013
178,814.0,,1959.0,MO,1291.0,4,1122.0,10091,13.0,120.0,2013
179,90.0,,225.0,MS,184.0,4,152.0,1330,0.0,14.0,2013
180,26.0,,94.0,MT,67.0,4,72.0,1241,0.0,0.0,2013
181,1769.0,,2987.0,NC,1680.0,4,2530.0,17970,12.0,80.0,2013
182,104.0,,224.0,ND,162.0,4,226.0,1515,1.0,21.0,2013
183,166.0,,398.0,NE,287.0,4,270.0,2229,0.0,12.0,2013
184,69.0,,131.0,NH,80.0,4,128.0,920,0.0,6.0,2013
185,1629.0,,2794.0,NJ,1679.0,4,2034.0,10668,5.0,71.0,2013
186,220.0,,539.0,NM,364.0,4,209.0,2646,1.0,25.0,2013
187,1383.0,,2900.0,NV,1718.0,4,1160.0,13231,39.0,49.0,2013
188,2566.0,,4712.0,NY,2826.0,4,4219.0,24144,28.0,206.0,2013
189,529.0,,1460.0,OH,845.0,4,1120.0,8348,4.0,72.0,2013
190,289.0,,750.0,OK,543.0,4,432.0,3793,1.0,27.0,2013
191,247.0,,755.0,OR,390.0,4,388.0,5101,4.0,10.0,2013
192,985.0,,1700.0,PA,1005.0,4,1709.0,10996,6.0,85.0,2013
193,275.0,,404.0,PR,283.0,4,374.0,2404,13.0,2.0,2013
194,83.0,,178.0,RI,120.0,4,152.0,1373,0.0,9.0,2013
195,247.0,,634.0,SC,411.0,4,388.0,3244,3.0,38.0,2013
196,52.0,,152.0,SD,100.0,4,131.0,934,0.0,25.0,2013
197,811.0,,1967.0,TN,1238.0,4,1140.0,9814,1.0,79.0,2013
198,3.0,,15.0,TT,1.0,4,0.0,39,0.0,0.0,2013
199,7753.0,,14913.0,TX,9175.0,4,7594.0,62788,15.0,1052.0,2013
200,556.0,,1133.0,UT,620.0,4,645.0,9627,1.0,21.0,2013
201,1464.0,,2906.0,VA,1714.0,4,2330.0,15952,13.0,119.0,2013
202,31.0,,67.0,VI,45.0,4,46.0,445,0.0,0.0,2013
203,28.0,,83.0,VT,52.0,4,66.0,443,0.0,2.0,2013
204,541.0,,1251.0,WA,524.0,4,763.0,9144,3.0,22.0,2013
205,386.0,,1048.0,WI,739.0,4,708.0,5520,0.0,70.0,2013
206,32.0,,58.0,WV,28.0,4,26.0,312,0.0,2.0,2013
207,26.0,,77.0,WY,63.0,4,78.0,736,2.0,7.0,2013
208,182.0,,308.0,AK,184.0,5,276.0,3265,4.0,20.0,2013
209,231.0,,521.0,AL,330.0,5,312.0,3158,1.0,21.0,2013
210,229.0,,538.0,AR,402.0,5,401.0,2889,0.0,37.0,2013
211,1725.0,,2579.0,AZ,1415.0,5,1684.0,17315,45.0,14.0,2013
212,5135.0,,10530.0,CA,6395.0,5,6708.0,64527,36.0,340.0,2013
213,2795.0,,4690.0,CO,2787.0,5,2978.0,20688,1.0,218.0,2013
214,162.0,,341.0,CT,205.0,5,168.0,1959,0.0,20.0,2013
215,2875.0,,6423.0,FL,3434.0,5,3792.0,37737,19.0,492.0,2013
216,3409.0,,6513.0,GA,2594.0,5,2873.0,36079,12.0,236.0,2013
217,564.0,,1279.0,HI,992.0,5,935.0,9117,2.0,6.0,2013
218,173.0,,445.0,IA,318.0,5,328.0,2182,1.0,41.0,2013
219,29.0,,125.0,ID,83.0,5,71.0,1447,0.0,3.0,2013
220,4655.0,,9722.0,IL,5525.0,5,5186.0,36449,8.0,1041.0,2013
221,224.0,,576.0,IN,334.0,5,327.0,3851,0.0,25.0,2013
222,101.0,,219.0,KS,157.0,5,163.0,1173,0.0,14.0,2013
223,489.0,,1129.0,KY,650.0,5,700.0,6135,5.0,52.0,2013
224,546.0,,1204.0,LA,769.0,5,724.0,6872,4.0,121.0,2013
225,705.0,,1612.0,MA,746.0,5,1029.0,9637,9.0,61.0,2013
226,1302.0,,2298.0,MD,1355.0,5,1010.0,8913,4.0,121.0,2013
227,54.0,,166.0,ME,97.0,5,82.0,701,0.0,6.0,2013
228,1477.0,,2623.0,MI,1185.0,5,1679.0,17372,8.0,157.0,2013
229,974.0,,1764.0,MN,830.0,5,1181.0,13000,4.0,115.0,2013
230,1115.0,,2356.0,MO,1528.0,5,1290.0,10498,5.0,155.0,2013
231,89.0,,211.0,MS,164.0,5,146.0,1351,0.0,7.0,2013
232,30.0,,94.0,MT,58.0,5,52.0,1236,0.0,3.0,2013
233,1865.0,,3076.0,NC,1610.0,5,2548.0,18919,17.0,119.0,2013
234,64.0,,186.0,ND,121.0,5,131.0,1513,1.0,7.0,2013
235,212.0,,417.0,NE,285.0,5,303.0,2255,3.0,13.0,2013
236,54.0,,122.0,NH,76.0,5,73.0,836,0.0,9.0,2013
237,1420.0,,2924.0,NJ,1592.0,5,1352.0,10756,11.0,58.0,2013
238,226.0,,531.0,NM,374.0,5,258.0,2865,2.0,22.0,2013
239,1406.0,,2611.0,NV,1590.0,5,1424.0,13837,15.0,62.0,2013
240,2222.0,,4897.0,NY,2723.0,5,2970.0,24712,12.0,201.0,2013
241,487.0,,1369.0,OH,780.0,5,852.0,8398,5.0,42.0,2013
242,320.0,,819.0,OK,553.0,5,411.0,3956,5.0,68.0,2013
243,276.0,,676.0,OR,371.0,5,489.0,5370,2.0,17.0,2013
244,985.0,,1944.0,PA,1186.0,5,1268.0,11101,6.0,67.0,2013
245,207.0,,337.0,PR,187.0,5,235.0,2197,9.0,30.0,2013
246,113.0,,259.0,RI,154.0,5,114.0,1409,1.0,8.0,2013
247,230.0,,596.0,SC,400.0,5,363.0,3500,0.0,19.0,2013
248,57.0,,139.0,SD,106.0,5,113.0,992,0.0,7.0,2013
249,816.0,,1911.0,TN,1167.0,5,1054.0,10037,8.0,94.0,2013
250,8.0,,9.0,TT,2.0,5,6.0,40,0.0,0.0,2013
251,7464.0,,14115.0,TX,8397.0,5,7910.0,64674,30.0,1599.0,2013
252,456.0,,914.0,UT,452.0,5,597.0,9553,3.0,15.0,2013
253,1334.0,,3142.0,VA,1694.0,5,2100.0,16563,5.0,188.0,2013
254,18.0,,40.0,VI,28.0,5,28.0,398,0.0,2.0,2013
255,32.0,,123.0,VT,58.0,5,80.0,535,0.0,6.0,2013
256,591.0,,1129.0,WA,472.0,5,969.0,10013,5.0,15.0,2013
257,349.0,,956.0,WI,641.0,5,538.0,5586,2.0,42.0,2013
258,26.0,,51.0,WV,28.0,5,26.0,314,0.0,3.0,2013
259,18.0,,74.0,WY,58.0,5,61.0,762,0.0,4.0,2013
260,208.0,,367.0,AK,229.0,6,333.0,4099,6.0,17.0,2013
261,296.0,,769.0,AL,518.0,6,412.0,3088,1.0,81.0,2013
262,296.0,,767.0,AR,523.0,6,438.0,2790,0.0,53.0,2013
263,2153.0,,3481.0,AZ,1970.0,6,1549.0,17211,43.0,31.0,2013
264,6591.0,,14444.0,CA,9230.0,6,7042.0,65720,51.0,266.0,2013
265,3395.0,,6118.0,CO,3685.0,6,3091.0,21508,5.0,436.0,2013
266,197.0,,392.0,CT,259.0,6,279.0,1881,1.0,31.0,2013
267,4057.0,,9594.0,FL,5724.0,6,5537.0,36395,26.0,1041.0,2013
268,5873.0,,11112.0,GA,5670.0,6,5741.0,35986,7.0,1079.0,2013
269,514.0,,1158.0,HI,887.0,6,759.0,9470,1.0,0.0,2013
270,194.0,,570.0,IA,442.0,6,338.0,2176,2.0,39.0,2013
271,69.0,,210.0,ID,148.0,6,77.0,1557,0.0,0.0,2013
272,6506.0,,13535.0,IL,8352.0,6,7466.0,37009,20.0,2271.0,2013
273,347.0,,945.0,IN,693.0,6,584.0,4137,2.0,36.0,2013
274,118.0,,289.0,KS,199.0,6,165.0,1235,1.0,14.0,2013
275,601.0,,1440.0,KY,884.0,6,858.0,5879,1.0,114.0,2013
276,648.0,,1603.0,LA,1115.0,6,863.0,6605,4.0,159.0,2013
277,1291.0,,2408.0,MA,1377.0,6,1777.0,9851,12.0,115.0,2013
278,2043.0,,3170.0,MD,1996.0,6,1790.0,8890,8.0,199.0,2013
279,81.0,,166.0,ME,120.0,6,96.0,734,1.0,10.0,2013
280,2200.0,,3832.0,MI,1989.0,6,2644.0,17872,17.0,311.0,2013
281,1434.0,,2558.0,MN,1179.0,6,1577.0,13754,5.0,107.0,2013
282,1084.0,,2645.0,MO,1747.0,6,1269.0,10291,9.0,204.0,2013
283,156.0,,351.0,MS,266.0,6,183.0,1336,0.0,33.0,2013
284,61.0,,163.0,MT,103.0,6,80.0,1666,0.0,5.0,2013
285,2593.0,,4647.0,NC,2599.0,6,3524.0,18637,32.0,528.0,2013
286,83.0,,248.0,ND,174.0,6,144.0,1649,0.0,12.0,2013
287,163.0,,434.0,NE,307.0,6,255.0,2262,0.0,21.0,2013
288,70.0,,194.0,NH,131.0,6,135.0,944,2.0,9.0,2013
289,1798.0,,3154.0,NJ,1781.0,6,1734.0,10330,22.0,163.0,2013
290,262.0,,642.0,NM,459.0,6,298.0,2931,1.0,36.0,2013
291,1614.0,,3326.0,NV,1987.0,6,1334.0,13557,19.0,99.0,2013
292,3317.0,,6350.0,NY,3709.0,6,4487.0,24355,22.0,420.0,2013
293,745.0,,1960.0,OH,1313.0,6,1256.0,8488,3.0,78.0,2013
294,333.0,,953.0,OK,692.0,6,462.0,4050,0.0,54.0,2013
295,352.0,,956.0,OR,538.0,6,533.0,5880,1.0,11.0,2013
296,1404.0,,2743.0,PA,1754.0,6,2066.0,11182,16.0,361.0,2013
297,287.0,,491.0,PR,354.0,6,313.0,2463,7.0,6.0,2013
298,138.0,,280.0,RI,189.0,6,212.0,1373,1.0,22.0,2013
299,376.0,,855.0,SC,565.0,6,536.0,3327,1.0,72.0,2013
300,101.0,,229.0,SD,167.0,6,121.0,1117,0.0,15.0,2013
301,1021.0,,2489.0,TN,1626.0,6,1324.0,9802,7.0,169.0,2013
302,9.0,,14.0,TT,0.0,6,4.0,38,0.0,0.0,2013
303,9821.0,,18464.0,TX,11045.0,6,8602.0,63445,20.0,1719.0,2013
304,673.0,,1369.0,UT,624.0,6,610.0,10171,1.0,30.0,2013
305,1949.0,,4108.0,VA,2487.0,6,2936.0,16243,21.0,420.0,2013
306,20.0,,48.0,VI,38.0,6,36.0,399,0.0,8.0,2013
307,51.0,,163.0,VT,91.0,6,116.0,624,0.0,9.0,2013
308,1012.0,,1918.0,WA,937.0,6,1264.0,10989,14.0,34.0,2013
309,441.0,,1345.0,WI,972.0,6,725.0,5529,2.0,72.0,2013
310,43.0,,78.0,WV,52.0,6,43.0,314,0.0,3.0,2013
311,29.0,,104.0,WY,81.0,6,55.0,902,1.0,6.0,2013
312,276.0,,531.0,AK,308.0,7,332.0,4427,21.0,12.0,2013
313,323.0,,779.0,AL,527.0,7,434.0,3062,3.0,58.0,2013
314,295.0,,657.0,AR,461.0,7,418.0,2780,0.0,46.0,2013
315,1952.0,,3142.0,AZ,1763.0,7,2144.0,17385,35.0,142.0,2013
316,6418.0,,14284.0,CA,9361.0,7,8013.0,68381,33.0,246.0,2013
317,3462.0,,6357.0,CO,3948.0,7,3491.0,22321,2.0,484.0,2013
318,170.0,,371.0,CT,241.0,7,214.0,1815,2.0,22.0,2013
319,3.0,,7.0,DE,4.0,7,3.0,62,0.0,1.0,2013
320,4193.0,,9477.0,FL,5675.0,7,5622.0,37502,33.0,1018.0,2013
321,6499.0,,12109.0,GA,6614.0,7,5534.0,37036,17.0,1087.0,2013
322,478.0,,931.0,HI,704.0,7,708.0,9902,3.0,13.0,2013
323,141.0,,455.0,IA,336.0,7,258.0,2323,1.0,22.0,2013
324,57.0,,215.0,ID,154.0,7,102.0,1661,1.0,5.0,2013
325,6527.0,,11674.0,IL,6424.0,7,6579.0,38066,6.0,506.0,2013
326,311.0,,812.0,IN,566.0,7,555.0,4189,0.0,35.0,2013
327,91.0,,245.0,KS,171.0,7,146.0,1277,0.0,13.0,2013
328,541.0,,1330.0,KY,814.0,7,846.0,6203,1.0,84.0,2013
329,589.0,,1484.0,LA,1014.0,7,900.0,6530,8.0,104.0,2013
330,1539.0,,2716.0,MA,1565.0,7,1850.0,10450,36.0,83.0,2013
331,1956.0,,3157.0,MD,1841.0,7,1578.0,9134,17.0,148.0,2013
332,108.0,,207.0,ME,137.0,7,122.0,848,1.0,5.0,2013
333,2452.0,,4250.0,MI,2099.0,7,2541.0,18768,7.0,331.0,2013
334,1508.0,,2576.0,MN,1060.0,7,1357.0,14481,3.0,89.0,2013
335,964.0,,2289.0,MO,1511.0,7,1169.0,10659,8.0,111.0,2013
336,158.0,,325.0,MS,262.0,7,224.0,1344,0.0,22.0,2013
337,92.0,,276.0,MT,171.0,7,142.0,2052,0.0,8.0,2013
338,2729.0,,4943.0,NC,2854.0,7,3596.0,19836,34.0,434.0,2013
339,90.0,,228.0,ND,166.0,7,143.0,1727,0.0,11.0,2013
340,170.0,,400.0,NE,293.0,7,223.0,2397,0.0,12.0,2013
341,72.0,,160.0,NH,109.0,7,94.0,936,0.0,10.0,2013
342,1698.0,,3202.0,NJ,1664.0,7,1827.0,10632,14.0,160.0,2013
343,274.0,,679.0,NM,450.0,7,323.0,3040,1.0,49.0,2013
344,1631.0,,3241.0,NV,1999.0,7,1755.0,13836,32.0,136.0,2013
345,3730.0,,6875.0,NY,4019.0,7,4755.0,25471,24.0,420.0,2013
346,707.0,,1916.0,OH,1155.0,7,1182.0,8437,3.0,127.0,2013
347,295.0,,787.0,OK,587.0,7,393.0,4076,1.0,53.0,2013
348,372.0,,969.0,OR,582.0,7,621.0,6330,1.0,9.0,2013
349,1365.0,,2617.0,PA,1576.0,7,1978.0,11611,12.0,177.0,2013
350,435.0,,759.0,PR,551.0,7,462.0,2679,22.0,40.0,2013
351,103.0,,237.0,RI,174.0,7,172.0,1379,1.0,23.0,2013
352,349.0,,876.0,SC,602.0,7,564.0,3424,0.0,63.0,2013
353,87.0,,208.0,SD,147.0,7,109.0,1192,0.0,7.0,2013
354,926.0,,2269.0,TN,1442.0,7,1239.0,9891,1.0,137.0,2013
355,5.0,,13.0,TT,0.0,7,1.0,40,0.0,0.0,2013
356,9376.0,,17246.0,TX,10184.0,7,8351.0,64826,24.0,1198.0,2013
357,791.0,,1381.0,UT,671.0,7,749.0,10535,0.0,46.0,2013
358,1926.0,,4077.0,VA,2424.0,7,2887.0,16743,15.0,240.0,2013
359,23.0,,59.0,VI,45.0,7,28.0,421,0.0,8.0,2013
360,48.0,,144.0,VT,90.0,7,86.0,606,1.0,2.0,2013
361,1029.0,,1893.0,WA,1014.0,7,1644.0,11724,6.0,26.0,2013
362,427.0,,1190.0,WI,852.0,7,691.0,5746,2.0,38.0,2013
363,61.0,,87.0,WV,66.0,7,78.0,341,0.0,14.0,2013
364,48.0,,154.0,WY,87.0,7,113.0,1089,2.0,16.0,2013
365,304.0,,533.0,AK,315.0,8,441.0,4350,24.0,21.0,2013
366,242.0,,530.0,AL,369.0,8,344.0,3123,0.0,31.0,2013
367,174.0,,477.0,AR,336.0,8,285.0,2813,1.0,26.0,2013
368,2023.0,,3227.0,AZ,1960.0,8,1670.0,16861,30.0,60.0,2013
369,7193.0,,15413.0,CA,10347.0,8,7261.0,67703,39.0,244.0,2013
370,3336.0,,5682.0,CO,3489.0,8,3008.0,21871,1.0,391.0,2013
371,174.0,,321.0,CT,197.0,8,209.0,1911,0.0,11.0,2013
372,5.0,,7.0,DE,4.0,8,6.0,63,0.0,1.0,2013
373,3350.0,,6688.0,FL,3866.0,8,3854.0,35238,49.0,613.0,2013
374,4349.0,,7916.0,GA,3533.0,8,3520.0,36598,7.0,366.0,2013
375,495.0,,1000.0,HI,750.0,8,722.0,9607,7.0,3.0,2013
376,109.0,,357.0,IA,245.0,8,203.0,2253,0.0,16.0,2013
377,80.0,,244.0,ID,171.0,8,119.0,1686,0.0,6.0,2013
378,5315.0,,10169.0,IL,5637.0,8,4749.0,37522,16.0,811.0,2013
379,225.0,,588.0,IN,399.0,8,360.0,4156,0.0,17.0,2013
380,85.0,,209.0,KS,138.0,8,127.0,1300,0.0,8.0,2013
381,404.0,,967.0,KY,548.0,8,566.0,6089,1.0,32.0,2013
382,439.0,,1023.0,LA,693.0,8,546.0,6328,3.0,68.0,2013
383,1367.0,,2076.0,MA,1175.0,8,1592.0,10562,38.0,24.0,2013
384,1588.0,,2338.0,MD,1339.0,8,1141.0,8861,4.0,37.0,2013
385,71.0,,122.0,ME,82.0,8,83.0,801,1.0,4.0,2013
386,1627.0,,2902.0,MI,1224.0,8,1567.0,18866,9.0,133.0,2013
387,1064.0,,1845.0,MN,772.0,8,865.0,14403,2.0,73.0,2013
388,860.0,,1961.0,MO,1319.0,8,921.0,10328,3.0,64.0,2013
389,85.0,,219.0,MS,173.0,8,146.0,1299,1.0,5.0,2013
390,70.0,,210.0,MT,132.0,8,127.0,2025,1.0,4.0,2013
391,2159.0,,3354.0,NC,1829.0,8,2600.0,19605,29.0,86.0,2013
392,65.0,,194.0,ND,138.0,8,113.0,1688,0.0,6.0,2013
393,153.0,,337.0,NE,219.0,8,185.0,2393,0.0,7.0,2013
394,79.0,,142.0,NH,85.0,8,85.0,901,1.0,1.0,2013
395,1389.0,,2472.0,NJ,1207.0,8,1511.0,10510,19.0,87.0,2013
396,256.0,,539.0,NM,397.0,8,262.0,2944,1.0,16.0,2013
397,1824.0,,3566.0,NV,2317.0,8,1704.0,13723,9.0,164.0,2013
398,2919.0,,5291.0,NY,2959.0,8,3596.0,25304,27.0,251.0,2013
399,541.0,,1386.0,OH,861.0,8,856.0,8341,2.0,43.0,2013
400,235.0,,629.0,OK,464.0,8,288.0,4016,2.0,27.0,2013
401,411.0,,1008.0,OR,596.0,8,664.0,6266,12.0,6.0,2013
402,1155.0,,2001.0,PA,1170.0,8,1604.0,11426,17.0,101.0,2013
403,417.0,,624.0,PR,422.0,8,397.0,2461,16.0,5.0,2013
404,101.0,,203.0,RI,144.0,8,121.0,1352,0.0,3.0,2013
405,268.0,,609.0,SC,425.0,8,412.0,3363,2.0,25.0,2013
406,55.0,,180.0,SD,114.0,8,90.0,1204,1.0,9.0,2013
407,758.0,,1741.0,TN,1103.0,8,952.0,10099,2.0,82.0,2013
408,8.0,,18.0,TT,2.0,8,3.0,40,0.0,2.0,2013
409,7371.0,,13153.0,TX,7258.0,8,5680.0,63840,15.0,847.0,2013
410,686.0,,1243.0,UT,631.0,8,562.0,10586,0.0,24.0,2013
411,1335.0,,2700.0,VA,1490.0,8,1963.0,16674,17.0,85.0,2013
412,21.0,,49.0,VI,36.0,8,25.0,390,0.0,4.0,2013
413,45.0,,111.0,VT,59.0,8,56.0,560,0.0,1.0,2013
414,1016.0,,1641.0,WA,869.0,8,1447.0,11519,13.0,47.0,2013
415,353.0,,930.0,WI,661.0,8,489.0,5682,0.0,31.0,2013
416,24.0,,62.0,WV,46.0,8,34.0,341,0.0,3.0,2013
417,43.0,,132.0,WY,71.0,8,84.0,1076,1.0,9.0,2013
